more,info
jj519975,us_chad
sz000036,us_chad
sh601567,us_chad
sz300453,us_chad
sh601166,us_chad
sh600016,us_chad
sh600699,us_chad
sh601601,us_chad
sz000988,us_chad
sh600345,us_chad
sz300138,us_chad
sz300136,us_chad
sh600602,us_chad
sz300122,us_chad
sh600867,us_chad
sz002637,us_chad
sz002007,us_chad
sh600660,us_chad
sh600563,us_chad
sh600699,us_chad
sh600487,us_chad
sz159919,us_chad
sz510300,us_chad
sz510050,us_chad
sz002748,us_chad
sh603009,us_chad
sh601222,us_chad
jj519983,us_chad
jj161725,us_chad
sz300374,us_chad
sz002136,us_chad
sh600584,us_chad
sz002705,us_chad
sz002304,us_chad
sz000895,us_chad
sz002450,us_chad
sz002364,us_chad
sz002755,us_chad
sh601009,us_chad
sh600884,us_chad
sz002594,us_chad
sh600377,us_chad
sz000423,us_chad
sz300015,us_chad
sz300036,us_chad
sz002142,us_chad
sz002039,us_chad
sz300198,us_chad
sh600566,us_chad
sh600519,us_chad
sz000957,us_chad
sh601169,us_chad
sz000858,us_chad
sh600340,us_chad
sh600104,us_chad
sz163415,us_chad
sz163412,us_chad
sz160211,us_chad
sz300307,us_chad
