Code, Name, Standard Deviation, Average, HedgeType, Skewness, latestValue, BuySuggestion
sz300148,天舟文化_us_chad,3.86,-9.79,1,0.028,-11.39,0
sz000513,丽珠集团_us_chad,4.27,-0.28,1,0.029,0.45,0
sh601567,三星医疗_us_chad,4.40,-17.99,1,-0.035,-21.69,1
sz000858,&#x4e94 ;&#x7cae ;液_us_chad,4.47,-0.07,1,-0.047,6.72,2
sz300144,宋城演艺_us_chad,4.64,-1.11,1,0.026,-4.72,0
sz002224,&#x4e09 ;&#x529b ;士_us_chad,4.66,-2.13,1,-0.068,-18.94,1
sz300180,华峰超纤_us_chad,4.69,-8.39,1,-0.014,-1.91,2
sz300138,晨光生物_us_chad,4.70,-10.40,1,0.025,-11.57,0
sh600856,中天能源_us_chad,4.73,-4.03,1,0.025,-10.74,1
sh601388,怡球资源_us_chad,4.82,-7.67,1,-0.084,0.49,2
sz300292,吴通控股_us_chad,4.87,-12.48,1,0.054,-15.51,0
sz002573,清新环境_us_chad,4.93,-8.80,1,0.003,-12.48,0
sz000876,&#x65b0 ;&#x5e0c ;望_us_chad,4.99,-5.52,1,0.056,-6.02,0
sz300406,九强生物_us_chad,5.06,-17.67,1,-0.031,-22.05,1
sh600867,通化东宝_us_chad,5.07,0.89,1,0.021,2.17,0
sz300238,冠昊生物_us_chad,5.10,-11.35,1,0.057,3.08,2
sh601199,江南水务_us_chad,5.11,6.91,1,0.017,18.97,2
sz002557,洽洽食品_us_chad,5.14,-1.46,1,0.063,7.76,2
sz002537,海立美达_us_chad,5.28,-8.39,1,-0.056,-8.85,0
sz002660,茂硕电源_us_chad,5.31,-19.13,1,-0.014,-23.48,1
sh600660,福耀玻璃_us_chad,5.40,1.52,1,-0.007,-1.59,0
sh601222,林洋能源_us_chad,5.40,-7.42,1,-0.032,-15.73,1
sz002206,&#x6d77 ;&#x5229 ;得_us_chad,5.45,-11.07,1,-0.043,-12.02,0
sz300136,信维通信_us_chad,5.47,-6.67,1,-0.006,-2.26,0
sz002705,新宝股份_us_chad,5.49,-7.44,1,-0.012,-10.50,0
sz300145,中金环境_us_chad,5.58,-8.45,1,-0.026,-11.48,0
sz000488,晨鸣纸业_us_chad,5.58,-15.35,1,-0.049,-19.32,0
sz300402,宝色股份_us_chad,5.61,-21.22,1,-0.028,-27.73,1
sz002450,康得新_us_chad,5.61,3.07,1,-0.015,-0.29,0
sz300258,精锻科技_us_chad,5.62,-12.45,1,-0.044,-4.32,2
sz002707,众信旅游_us_chad,5.67,-12.85,1,-0.061,-6.74,2
sh601169,北京银行_us_chad,5.69,1.85,1,-0.020,1.79,0
sz002039,黔源电力_us_chad,5.81,-4.88,1,-0.029,-4.87,0
sz002138,顺络电子_us_chad,5.84,-23.82,1,-0.033,-17.52,2
sz002516,旷达科技_us_chad,5.85,-17.86,1,-0.050,-24.36,1
sz300305,裕兴股份_us_chad,5.86,-14.63,1,-0.004,-17.76,0
sz300068,南都电源_us_chad,5.87,-22.01,1,-0.035,-25.43,0
sz002356,浩宁达_us_chad,5.89,-17.39,1,-0.026,-28.87,1
sz300127,银河磁体_us_chad,5.90,-15.99,1,-0.027,-14.94,0
sz300198,纳川股份_us_chad,5.93,-6.42,1,0.010,-13.07,1
sz002333,罗普斯金_us_chad,5.94,-2.73,1,0.024,-2.84,0
sz300017,网宿科技_us_chad,5.96,4.34,1,0.017,13.06,2
sz002304,洋河股份_us_chad,5.96,0.92,1,-0.031,3.73,0
sz300283,温州宏丰_us_chad,5.98,-23.11,1,-0.022,-30.28,1
sz300104,乐视网_us_chad,5.99,-10.43,1,-0.099,-4.77,2
sz300200,高盟新材_us_chad,6.00,-19.20,1,-0.030,-21.78,0
sh603333,明星电缆_us_chad,6.00,-23.50,1,-0.018,-34.85,1
sz002437,誉衡药业_us_chad,6.01,-8.29,1,-0.075,-15.32,1
sz300172,中电环保_us_chad,6.02,-16.29,1,-0.063,-23.82,1
sz300498,温氏股份_us_chad,6.06,-12.48,1,-0.034,-20.04,1
sz300403,地尔汉宇_us_chad,6.06,-13.27,1,-0.033,-20.90,1
sz300307,慈星股份_us_chad,6.06,-17.55,1,-0.044,-6.01,2
sz002580,圣阳股份_us_chad,6.08,-15.50,1,-0.022,-29.38,1
us_chad,us_chad_贵研铂业,6.12,-21.83,1,-0.054,-25.67,0
sz002684,猛狮科技_us_chad,6.16,-21.75,1,-0.016,-23.65,0
us_chad,us_chad_伊力特,6.17,-11.34,1,-0.027,-5.21,2
sh600683,京投银泰_us_chad,6.18,-13.85,1,-0.023,-20.66,1
sh600884,杉杉股份_us_chad,6.20,-4.69,1,-0.006,-6.04,0
us_chad,us_chad_宇通客车,6.21,9.52,1,-0.041,9.45,0
sz000582,北部湾港_us_chad,6.22,-12.56,1,-0.071,-20.09,1
sz300121,阳谷华泰_us_chad,6.23,-28.36,1,-0.027,-33.59,1
sz000430,张家界_us_chad,6.23,-2.91,1,-0.036,-14.58,1
sz000611,*ST;蒙发_us_chad,6.25,-20.60,1,-0.028,-24.39,0
sz300271,华宇软件_us_chad,6.28,-13.19,1,-0.034,-25.76,1
sh601009,南京银行_us_chad,6.29,1.34,1,-0.071,0.72,0
sz300225,金力泰_us_chad,6.30,-23.04,1,-0.062,-35.07,1
sz000423,东阿阿胶_us_chad,6.31,-1.05,1,-0.051,-7.94,1
sz002294,信立泰_us_chad,6.31,-1.16,1,-0.067,-8.31,1
sz002411,必康股份_us_chad,6.31,-16.60,1,-0.011,-20.51,0
sz002700,新疆浩源_us_chad,6.32,-17.12,1,-0.007,-25.24,1
sz002518,科士达_us_chad,6.34,-12.79,1,0.051,-11.88,0
sh600883,博闻科技_us_chad,6.34,-21.85,1,-0.010,-20.52,0
sz002357,富临运业_us_chad,6.34,-16.35,1,-0.044,-26.80,1
sh601012,隆基股份_us_chad,6.36,-14.12,1,-0.063,-19.14,0
sz300015,爱尔眼科_us_chad,6.37,-2.25,1,-0.060,-4.71,0
sh601601,中国太保_us_chad,6.37,-1.92,1,-0.050,-4.65,2
sh600965,福成股份_us_chad,6.40,-15.89,1,-0.011,-23.98,1
sh600377,宁沪高速_us_chad,6.40,-3.28,1,-0.049,-6.44,0
sh600168,武汉控股_us_chad,6.44,-12.41,1,-0.015,-16.61,0
sz002121,科陆电子_us_chad,6.45,-10.78,1,-0.090,-20.85,1
sz300342,天银机电_us_chad,6.45,-4.29,1,0.028,0.52,0
sz002321,华英农业_us_chad,6.45,-14.52,1,-0.029,-26.82,1
sz300207,欣旺达_us_chad,6.46,13.40,1,-0.014,8.30,0
sh600891,秋林集团_us_chad,6.46,-22.38,1,-0.066,-18.92,0
sz002528,英飞拓_us_chad,6.47,-17.80,1,-0.033,-32.71,1
sz002389,南洋科技_us_chad,6.47,-22.11,1,-0.014,-25.05,0
sz300021,大禹节水_us_chad,6.48,-20.67,1,-0.030,-15.81,0
sz300122,智飞生物_us_chad,6.50,-13.29,1,-0.004,-21.78,1
us_chad,us_chad_上海机场,6.50,0.94,1,-0.052,-4.96,0
sz002594,比亚迪_us_chad,6.50,-0.29,1,-0.030,-2.28,0
sz300326,凯利泰_us_chad,6.52,-13.87,1,-0.050,-21.74,1
sz000895,双汇发展_us_chad,6.54,-4.75,1,-0.038,0.11,0
sz000070,特发信息_us_chad,6.54,-1.55,1,-0.019,-6.53,0
sh601177,杭齿前进_us_chad,6.54,-23.55,1,-0.027,-30.30,1
sz000593,大通燃气_us_chad,6.56,-21.13,1,-0.033,-19.75,0
sh600668,尖峰集团_us_chad,6.56,-18.79,1,-0.034,-19.63,0
sz000955,欣龙控股_us_chad,6.56,-21.23,1,-0.010,-27.30,1
sz300043,互动娱乐_us_chad,6.56,-13.93,1,-0.065,-24.88,1
sh600615,丰华股份_us_chad,6.57,-23.78,1,-0.012,-30.09,1
sz002365,永安药业_us_chad,6.57,-23.78,1,-0.054,-33.19,1
sz300239,东宝生物_us_chad,6.57,-25.10,1,-0.046,-26.93,0
sh600851,海欣股份_us_chad,6.59,-16.80,1,0.034,-8.77,2
sz000153,丰原药业_us_chad,6.59,-10.70,1,-0.095,-18.35,1
sz300367,东方网力_us_chad,6.59,-4.78,1,0.068,-11.62,1
sz002548,金新农_us_chad,6.61,-14.12,1,-0.037,-4.14,2
sz002420,毅昌股份_us_chad,6.62,-25.04,1,-0.044,-31.88,1
sh600647,同达创业_us_chad,6.64,-30.90,1,-0.031,-37.56,1
sh603566,普莱柯_us_chad,6.65,-7.19,1,-0.021,-12.47,0
sh601677,明泰铝业_us_chad,6.65,-16.53,1,-0.049,-23.00,1
sz002675,东诚药业_us_chad,6.66,-7.43,1,-0.057,-4.77,0
us_chad,us_chad_烽火通信,6.66,-10.70,1,-0.048,-16.28,0
sz000963,华东医药_us_chad,6.66,11.50,1,-0.067,3.93,1
sh600727,鲁北化工_us_chad,6.67,-26.90,1,-0.049,-33.92,1
sz002158,汉钟精机_us_chad,6.67,-19.32,1,-0.065,-27.26,1
sh603009,北特科技_us_chad,6.67,-14.16,1,-0.029,-19.50,0
sz000987,广州友谊_us_chad,6.67,-24.38,1,-0.056,-39.01,1
sh600728,佳都科技_us_chad,6.69,-22.99,1,-0.053,-42.35,1
sh600114,东睦股份_us_chad,6.70,-17.11,1,-0.058,-22.75,1
sh600605,汇通能源_us_chad,6.71,-13.07,1,0.033,-18.50,0
sz002554,惠博普_us_chad,6.73,-18.38,1,-0.003,-12.98,0
sz002386,天原集团_us_chad,6.73,-23.69,1,-0.052,-27.41,0
sz300256,星星科技_us_chad,6.74,-14.46,1,0.028,-20.31,1
sh600299,安迪苏_us_chad,6.74,-25.91,1,-0.086,-41.36,1
sz002563,森马服饰_us_chad,6.74,-0.40,1,-0.081,-3.57,0
sh601166,兴业银行_us_chad,6.75,0.23,1,-0.055,-1.85,0
sz300433,蓝思科技_us_chad,6.75,-12.32,1,-0.094,-16.13,0
sz002088,鲁阳节能_us_chad,6.76,-15.78,1,-0.040,-24.32,1
sz002300,太阳电缆_us_chad,6.76,-14.44,1,-0.072,-22.83,1
sh600742,一汽富维_us_chad,6.77,-15.66,1,-0.058,-18.57,0
sz000635,&#x82f1 ;&#x529b ;特_us_chad,6.78,-20.23,1,-0.060,-27.24,1
sz000530,大冷股份_us_chad,6.79,-8.74,1,-0.049,-15.38,1
sz300209,天泽信息_us_chad,6.79,-13.30,1,0.036,-8.14,0
sz300300,汉鼎股份_us_chad,6.80,-13.31,1,-0.056,-7.90,0
sz300430,诚益通_us_chad,6.80,-8.60,1,-0.011,-14.54,0
sz002120,新海股份_us_chad,6.81,-20.32,1,0.006,-24.34,0
sz002372,伟星新材_us_chad,6.82,-10.58,1,-0.050,-13.80,0
sh600593,大连圣亚_us_chad,6.83,-6.34,1,0.011,-18.99,1
sz300335,迪森股份_us_chad,6.83,-19.23,1,-0.077,-13.02,2
us_chad,us_chad_香梨股份,6.84,-15.69,1,0.049,-6.09,2
sz300330,华虹计通_us_chad,6.85,-21.42,1,-0.023,-22.71,0
sz300260,新莱应材_us_chad,6.85,-23.51,1,-0.041,-21.98,0
sz002254,泰和新材_us_chad,6.85,1.76,1,-0.070,-4.94,1
sh601116,三江购物_us_chad,6.85,-20.64,1,-0.058,-27.17,1
sz300436,广生堂_us_chad,6.86,-0.20,1,-0.027,-5.82,0
sz300405,科隆精化_us_chad,6.86,-8.55,1,-0.023,-18.49,1
sz002579,中京电子_us_chad,6.87,-24.11,1,-0.049,-24.32,0
sz002394,联发股份_us_chad,6.89,-14.26,1,0.010,-17.62,0
sz002523,天桥起重_us_chad,6.89,-20.90,1,-0.078,-25.77,0
sh600423,柳化股份_us_chad,6.89,-25.66,1,-0.011,-13.17,2
sz002382,蓝帆医疗_us_chad,6.90,-20.58,1,-0.067,-26.33,1
sz002454,松芝股份_us_chad,6.90,-22.23,1,-0.091,-33.47,1
sz002056,横店东磁_us_chad,6.90,-22.94,1,-0.065,-26.77,0
sh601798,蓝科高新_us_chad,6.90,-20.05,1,-0.054,-30.39,1
sh603308,应流股份_us_chad,6.91,-18.82,1,-0.050,-25.50,1
sz002632,道明光学_us_chad,6.91,-17.12,1,0.028,-21.21,0
sh600563,法拉电子_us_chad,6.91,-0.96,1,0.004,4.79,0
sh600228,昌九生化_us_chad,6.91,-19.00,1,0.002,-28.99,1
sz002142,宁波银行_us_chad,6.92,-3.48,1,-0.064,-4.39,0
sh600664,哈药股份_us_chad,6.93,-12.79,1,-0.076,-15.82,0
sh600213,亚星客车_us_chad,6.94,-22.70,1,-0.023,-28.94,1
sz002742,三圣特材_us_chad,6.95,-9.30,1,0.035,-1.41,2
sz300322,硕贝德_us_chad,6.95,-8.14,1,-0.015,-9.66,0
sh603369,今世缘_us_chad,6.95,-10.54,1,-0.065,-6.35,0
sz300392,腾信股份_us_chad,6.95,-23.93,1,-0.093,-32.18,1
sz002694,顾地科技_us_chad,6.95,-14.31,1,-0.022,-5.70,2
sz002087,新野纺织_us_chad,6.96,-20.66,1,-0.046,-25.55,0
sz002748,世龙实业_us_chad,6.96,-14.84,1,-0.051,-21.98,1
us_chad,us_chad_长江通信,6.96,-16.04,1,0.011,-18.95,0
sz002578,闽发铝业_us_chad,6.96,-20.92,1,-0.038,-30.37,1
sz000926,福星股份_us_chad,6.97,-13.20,1,-0.047,-24.56,1
sz002042,华孚色纺_us_chad,6.97,-18.53,1,-0.085,-24.79,1
sh600608,ST;沪科_us_chad,6.97,-20.68,1,-0.026,-19.45,0
sh600889,南京化纤_us_chad,6.99,-26.20,1,-0.054,-40.06,1
sz002491,通鼎互联_us_chad,7.03,-19.71,1,0.011,-9.23,2
sz002362,汉王科技_us_chad,7.03,-28.22,1,-0.047,-39.02,1
sz000056,皇庭国际_us_chad,7.04,-20.72,1,-0.018,-26.73,1
sz000920,南方汇通_us_chad,7.04,-23.06,1,-0.015,-17.74,0
us_chad,us_chad_金自天正,7.04,-24.19,1,-0.053,-25.35,0
sh603899,晨光文具_us_chad,7.05,-3.68,1,-0.076,-10.51,1
sz300040,九洲电气_us_chad,7.06,-19.09,1,-0.069,-22.00,0
sh600779,水井坊_us_chad,7.06,-14.13,1,-0.004,-9.50,0
sz300176,鸿特精密_us_chad,7.07,-21.84,1,0.024,-14.51,2
sz002136,&#x5b89 ;&#x7eb3 ;达_us_chad,7.08,-10.66,1,0.027,-11.18,0
us_chad,us_chad_西南证券,7.09,-11.67,1,-0.067,-22.50,1
sz300240,飞力达_us_chad,7.10,-25.91,1,0.035,-24.84,0
sh603306,华懋科技_us_chad,7.10,-9.74,1,-0.058,-12.12,0
sz000802,北京文化_us_chad,7.10,-17.29,1,-0.088,-29.31,1
sz000988,华工科技_us_chad,7.11,-13.76,1,0.020,-19.70,0
sh600846,同济科技_us_chad,7.12,-23.15,1,-0.074,-36.87,1
sz002258,利尔化学_us_chad,7.13,-16.78,1,-0.076,-27.62,1
sh600080,金花股份_us_chad,7.13,-22.73,1,-0.051,-33.75,1
sz000404,华意压缩_us_chad,7.13,-21.79,1,-0.057,-24.48,0
sh600071,凤凰光学_us_chad,7.14,-18.46,1,0.024,-16.93,0
sz300046,台基股份_us_chad,7.14,-21.34,1,0.010,-31.27,1
sh600738,兰州民百_us_chad,7.14,-19.50,1,-0.045,-31.32,1
sz300290,荣科科技_us_chad,7.14,-13.86,1,0.027,-16.48,0
sz002229,鸿博股份_us_chad,7.14,-21.63,1,0.019,-15.56,2
sz300019,硅宝科技_us_chad,7.15,-20.29,1,-0.066,-35.08,1
sz002728,台城制药_us_chad,7.16,-11.68,1,-0.097,-23.04,1
sz300234,开尔新材_us_chad,7.17,-18.30,1,-0.053,-27.64,1
us_chad,us_chad_维科精华,7.17,-33.71,1,-0.014,-34.29,0
sz000594,国恒退_us_chad,7.18,-6.92,1,-0.037,-21.77,1
sh600854,春兰股份_us_chad,7.19,-23.64,1,-0.074,-32.22,1
sh600302,标准股份_us_chad,7.19,-30.57,1,-0.063,-39.52,1
sz002753,永东股份_us_chad,7.20,-14.37,1,-0.036,-23.76,1
sz002504,弘高创意_us_chad,7.20,-12.90,1,0.025,-20.48,1
sz000078,海王生物_us_chad,7.20,-25.52,1,-0.054,-26.53,0
sz000815,美利纸业_us_chad,7.20,-8.19,1,-0.024,-21.55,1
us_chad,us_chad_国机通用,7.21,-17.62,1,-0.040,-22.29,0
sh600987,航民股份_us_chad,7.21,-11.81,1,-0.002,-20.75,1
sz000627,天茂集团_us_chad,7.23,-20.75,1,-0.075,-33.21,1
sz300455,康拓红外_us_chad,7.23,-23.08,1,-0.069,-23.11,0
sz300391,康跃科技_us_chad,7.23,-21.24,1,-0.084,-30.33,1
sh600706,曲江文旅_us_chad,7.25,-20.46,1,-0.030,-29.13,1
sh600519,贵州茅台_us_chad,7.26,12.14,1,0.021,24.57,2
sz002074,国轩高科_us_chad,7.26,1.08,1,0.032,-1.83,0
sh600293,三峡新材_us_chad,7.26,-17.45,1,0.011,-16.76,0
sz300130,新国都_us_chad,7.26,-25.98,1,-0.068,-36.27,1
sz002510,天汽模_us_chad,7.26,-16.18,1,-0.016,-20.17,0
sz002054,德美化工_us_chad,7.27,-8.95,1,-0.034,-24.92,1
sh600356,恒丰纸业_us_chad,7.27,-8.44,1,-0.050,-15.78,1
sh600976,健民集团_us_chad,7.27,-18.29,1,-0.084,-30.36,1
sh603968,醋化股份_us_chad,7.28,-13.32,1,-0.061,-16.46,0
sz300389,艾比森_us_chad,7.29,-25.97,1,-0.015,-20.80,0
sh600796,钱江生化_us_chad,7.29,-25.89,1,-0.043,-30.67,0
sz300218,安利股份_us_chad,7.30,-25.92,1,-0.080,-30.40,0
sz300320,海达股份_us_chad,7.31,-24.87,1,-0.071,-34.48,1
us_chad,us_chad_恒瑞医药,7.31,23.33,1,-0.014,19.89,0
sz000568,泸州老窖_us_chad,7.31,2.65,1,-0.068,-7.28,1
sz000912,泸天化_us_chad,7.33,-21.47,1,-0.056,-22.39,0
sz300355,蒙草抗旱_us_chad,7.34,-9.29,1,-0.010,-29.45,1
us_chad,us_chad_黄山旅游,7.34,4.10,1,0.049,13.30,2
sz300163,先锋新材_us_chad,7.35,-8.33,1,-0.016,-18.10,1
sz000962,*ST;东钽_us_chad,7.35,-18.15,1,-0.078,-18.94,0
sz002723,金莱特_us_chad,7.36,-13.78,1,-0.026,-7.58,0
sz002606,大连电瓷_us_chad,7.37,-21.76,1,0.030,-18.36,0
sz000628,高新发展_us_chad,7.37,-14.26,1,-0.067,-27.25,1
sh603328,依顿电子_us_chad,7.38,-13.64,1,-0.083,-17.84,0
sh603609,禾丰牧业_us_chad,7.39,-13.25,1,-0.078,-8.55,0
sz000610,西安旅游_us_chad,7.39,-23.89,1,-0.087,-33.40,1
sz002598,山东章鼓_us_chad,7.39,-18.41,1,-0.050,-24.38,0
sh600438,通威股份_us_chad,7.39,-14.66,1,-0.064,-2.30,2
sh603015,弘讯科技_us_chad,7.40,-17.26,1,-0.079,-27.80,1
us_chad,us_chad_*ST;狮头,7.40,-10.09,1,-0.007,-20.02,1
sz002431,棕榈股份_us_chad,7.41,-9.65,1,-0.015,-13.80,0
sh600279,重庆港九_us_chad,7.41,-20.63,1,-0.042,-32.37,1
sz000036,华联控股_us_chad,7.42,-12.99,1,0.025,-9.26,0
sz300206,理邦仪器_us_chad,7.42,-28.25,1,-0.074,-31.48,0
sz300408,三环集团_us_chad,7.43,-8.13,1,-0.088,-17.85,1
sz000985,大庆华科_us_chad,7.43,-11.55,1,-0.002,-18.81,1
sz000560,昆百大Ａ_us_chad,7.44,-19.40,1,-0.053,-26.40,1
us_chad,us_chad_上汽集团,7.44,0.94,1,-0.039,-1.11,0
sz002105,信隆实业_us_chad,7.45,-22.66,1,-0.034,-27.96,0
sz002638,勤上光电_us_chad,7.45,-3.52,1,-0.079,-1.69,0
sz000028,国药一致_us_chad,7.45,1.19,1,-0.037,-8.41,1
sh603020,爱普股份_us_chad,7.46,-13.00,1,-0.064,-17.52,0
sz000010,美丽生态_us_chad,7.46,-26.54,1,-0.048,-29.17,0
sz002034,&#x7f8e ;&#x6b23 ;达_us_chad,7.46,-18.30,1,0.005,-19.47,0
sh600980,北矿磁材_us_chad,7.46,-15.79,1,-0.062,-22.30,1
sh601689,拓普集团_us_chad,7.46,-15.62,1,-0.022,-9.34,0
us_chad,us_chad_济川药业,7.46,-0.31,1,-0.058,0.23,0
sz300107,建新股份_us_chad,7.47,-25.22,1,-0.089,-35.33,1
sz000911,南宁糖业_us_chad,7.47,-6.59,1,-0.028,-2.47,0
sz002381,双箭股份_us_chad,7.47,-12.74,1,-0.020,-24.66,1
sz000760,斯太尔_us_chad,7.48,-6.75,1,0.012,-7.68,0
sh600731,湖南海利_us_chad,7.48,-25.42,1,-0.047,-38.25,1
sh600215,长春经开_us_chad,7.49,-22.94,1,-0.080,-40.53,1
sh600638,新黄浦_us_chad,7.50,-21.36,1,-0.074,-23.69,0
sz002588,史丹利_us_chad,7.51,-6.67,1,-0.010,-16.86,1
us_chad,us_chad_中青旅,7.52,-9.57,1,-0.054,-17.41,1
sz002421,达实智能_us_chad,7.52,-22.46,1,-0.082,-33.55,1
sh600355,精伦电子_us_chad,7.52,-11.38,1,-0.031,-21.45,1
sh603567,珍宝岛_us_chad,7.52,-14.76,1,-0.099,-28.32,1
sh600768,宁波富邦_us_chad,7.53,-24.72,1,-0.016,-20.77,0
sz002492,恒基达鑫_us_chad,7.53,-27.11,1,-0.057,-27.63,0
us_chad,us_chad_北巴传媒,7.54,-14.61,1,-0.003,6.07,2
sz000888,峨眉山Ａ_us_chad,7.55,-10.18,1,-0.026,-17.02,1
sz300338,开元仪器_us_chad,7.55,-30.98,1,-0.014,-31.56,0
sz300063,天龙集团_us_chad,7.55,-4.61,1,0.078,-3.48,0
sz002679,福建金森_us_chad,7.56,-22.26,1,-0.034,-30.57,1
sz300267,尔康制药_us_chad,7.56,-11.04,1,-0.067,-18.82,1
sz002755,东方新星_us_chad,7.57,-13.25,1,-0.050,-17.03,0
sh600548,深高速_us_chad,7.58,-7.52,1,-0.005,-11.50,0
sh603030,全筑股份_us_chad,7.59,-28.54,1,-0.080,-41.67,1
us_chad,us_chad_岷江水电,7.60,-26.45,1,-0.072,-26.92,0
sh603315,福鞍股份_us_chad,7.61,-14.56,1,-0.059,-23.84,1
sz002509,天广消防_us_chad,7.61,-17.27,1,-0.036,-12.27,0
sh600079,人福医药_us_chad,7.61,-7.79,1,-0.066,-21.29,1
sz300221,银禧科技_us_chad,7.61,-22.75,1,-0.014,-14.44,2
sz002444,巨星科技_us_chad,7.61,-17.63,1,-0.032,-14.35,0
sh600969,郴电国际_us_chad,7.61,-21.66,1,-0.090,-29.88,1
sz300044,赛为智能_us_chad,7.62,-26.55,1,-0.097,-38.74,1
sz300025,华星创业_us_chad,7.64,-17.37,1,-0.029,-2.50,2
sh603008,喜临门_us_chad,7.65,-16.34,1,0.001,-25.40,1
sh600864,哈投股份_us_chad,7.65,-16.24,1,-0.070,-25.32,1
sz002098,浔兴股份_us_chad,7.65,-25.05,1,-0.078,-31.83,1
sz300285,国瓷材料_us_chad,7.65,8.53,1,-0.009,-2.67,1
sh600658,电子城_us_chad,7.66,-23.67,1,-0.078,-36.02,1
sz002016,世荣兆业_us_chad,7.66,-31.00,1,-0.080,-39.68,1
sz002659,中泰桥梁_us_chad,7.66,-15.93,1,-0.061,-28.69,1
sz000856,*ST;冀装_us_chad,7.67,-21.43,1,-0.064,-27.09,0
sz000045,深纺织Ａ_us_chad,7.67,-25.69,1,-0.058,-31.90,1
sz002533,金杯电工_us_chad,7.67,-19.68,1,-0.025,-16.84,0
sh600385,山东金泰_us_chad,7.67,-21.37,1,-0.007,-19.04,0
sz000023,深天地Ａ_us_chad,7.68,-6.83,1,-0.009,-0.64,0
sz300371,汇中股份_us_chad,7.68,-14.90,1,-0.037,-22.95,1
us_chad,us_chad_开开实业,7.69,-19.67,1,-0.003,-19.87,0
sz300301,长方集团_us_chad,7.69,-20.73,1,-0.059,-30.98,1
sz002513,*ST;蓝丰_us_chad,7.69,-22.75,1,-0.081,-35.54,1
sz002364,中恒电气_us_chad,7.71,-14.23,1,-0.054,-18.21,0
us_chad,us_chad_保利地产,7.72,-6.88,1,-0.051,-13.56,0
sz002352,鼎泰新材_us_chad,7.73,-7.13,1,-0.045,-9.75,0
sh600979,广安爱众_us_chad,7.73,-21.79,1,-0.099,-34.51,1
sz002053,云南盐化_us_chad,7.74,-12.19,1,-0.021,-20.67,1
sz002393,力生制药_us_chad,7.74,-10.86,1,-0.061,-22.62,1
sz002139,拓邦股份_us_chad,7.74,-16.65,1,-0.092,-27.26,1
sz300201,海伦哲_us_chad,7.75,-3.31,1,0.074,-2.59,0
sz300029,天龙光电_us_chad,7.75,-22.74,1,-0.059,-27.72,0
sz000037,*ST;南񵍚_us_chad,7.75,-29.30,1,-0.033,-32.94,0
sh601886,江河集团_us_chad,7.76,-23.87,1,-0.069,-32.51,1
sz300374,恒通科技_us_chad,7.76,-14.90,1,-0.041,-19.78,0
sh600769,祥龙电业_us_chad,7.76,-17.64,1,-0.028,-29.08,1
sz300192,科斯伍德_us_chad,7.77,-11.91,1,-0.008,-6.48,0
sh600076,康欣新材_us_chad,7.78,-16.94,1,0.019,-6.85,2
sz000819,岳阳兴长_us_chad,7.78,-24.37,1,-0.022,-34.07,1
sh601992,金隅股份_us_chad,7.78,-14.07,1,-0.090,-25.65,1
sz300243,瑞丰高材_us_chad,7.78,-24.69,1,-0.052,-34.10,1
sz002160,常铝股份_us_chad,7.79,-23.57,1,-0.093,-37.66,1
sz002550,千红制药_us_chad,7.79,-22.92,1,-0.081,-31.29,1
sh603456,九洲药业_us_chad,7.80,1.30,1,0.000,-8.87,1
sz000601,韶能股份_us_chad,7.80,-6.13,1,-0.058,-10.26,0
sz002650,加加食品_us_chad,7.81,-12.34,1,-0.077,-13.22,0
us_chad,us_chad_联创光电,7.81,-13.88,1,0.027,-20.67,1
sz002245,澳洋顺昌_us_chad,7.81,-11.65,1,-0.003,-0.97,2
sz300006,莱美药业_us_chad,7.82,-26.93,1,-0.033,-27.27,0
sz000957,中通客车_us_chad,7.82,-11.92,1,0.006,8.51,2
us_chad,us_chad_方大炭素,7.83,-18.29,1,-0.070,-30.58,1
us_chad,us_chad_宁波联合,7.84,-20.13,1,-0.080,-27.03,1
sz002692,远程电缆_us_chad,7.84,-25.24,1,-0.072,-31.37,0
sz002747,埃斯顿_us_chad,7.84,-17.71,1,-0.064,-25.96,1
sh603022,新通联_us_chad,7.84,-7.56,1,0.048,-1.21,0
sz300091,金通灵_us_chad,7.84,-23.21,1,-0.077,-28.79,0
sz000501,鄂武商Ａ_us_chad,7.84,-11.79,1,-0.095,-22.35,1
us_chad,us_chad_*ST;金瑞,7.85,-13.82,1,-0.039,-25.82,1
sz300308,中际装备_us_chad,7.85,-30.46,1,-0.037,-40.73,1
sz000531,穗恒运Ａ_us_chad,7.85,-21.47,1,-0.076,-27.74,0
sz002282,博深工具_us_chad,7.85,-27.95,1,-0.029,-36.03,1
us_chad,us_chad_驰宏锌锗,7.86,-26.62,1,-0.062,-30.76,0
sz002459,天业通联_us_chad,7.86,-7.47,1,-0.053,-8.89,0
sz002387,黑牛食品_us_chad,7.86,-8.96,1,-0.041,-12.25,0
sz300265,通光线缆_us_chad,7.88,-20.66,1,-0.056,-29.38,1
sz002197,证通电子_us_chad,7.88,-33.74,1,-0.095,-48.03,1
sz002561,徐家汇_us_chad,7.88,-19.24,1,-0.085,-29.00,1
sz002613,北玻股份_us_chad,7.88,-21.78,1,-0.064,-24.44,0
sz000026,飞亚达Ａ_us_chad,7.88,-27.22,1,-0.075,-39.86,1
sh600618,氯碱化工_us_chad,7.89,-13.18,1,0.031,-10.29,0
us_chad,us_chad_华光股份,7.90,-18.27,1,-0.059,-24.81,0
sz002555,三七互娱_us_chad,7.90,-0.37,1,0.015,-9.24,1
sz002735,王子新材_us_chad,7.90,-6.30,1,0.035,-15.26,1
us_chad,us_chad_澳柯玛,7.90,-25.89,1,-0.080,-34.16,1
sh600723,首商股份_us_chad,7.90,-15.50,1,-0.094,-25.40,1
sz002324,普利特_us_chad,7.91,-17.38,1,-0.075,-25.22,1
sz000703,恒逸石化_us_chad,7.92,-20.62,1,-0.013,-26.28,0
sz002448,中原内配_us_chad,7.92,-19.85,1,-0.031,-22.61,0
sz300369,绿盟科技_us_chad,7.93,-20.09,1,-0.084,-32.19,1
sz300428,四通新材_us_chad,7.93,-4.90,1,0.035,-3.97,0
us_chad,us_chad_六国化工,7.93,-18.13,1,-0.036,-29.28,1
sz300033,同花顺_us_chad,7.94,-22.07,1,-0.045,-21.20,0
sz300014,亿纬锂能_us_chad,7.94,-10.54,1,0.041,-0.47,2
us_chad,us_chad_生益科技,7.94,-18.39,1,-0.062,-21.69,0
us_chad,us_chad_天华院,7.94,-26.53,1,-0.051,-28.87,0
us_chad,us_chad_动力源,7.95,-12.57,1,0.023,-13.97,0
sz000935,四川双马_us_chad,7.95,-26.40,1,-0.090,-37.18,1
us_chad,us_chad_华微电子,7.95,-24.40,1,-0.026,-21.33,0
sh600861,北京城乡_us_chad,7.95,-27.81,1,-0.067,-31.79,0
sz000950,*ST;建峰_us_chad,7.95,-21.75,1,-0.069,-30.25,1
sh603718,海利生物_us_chad,7.97,2.73,1,0.016,0.17,0
sz000428,华天酒店_us_chad,7.97,-30.21,1,-0.085,-43.41,1
sz300118,东方日升_us_chad,7.98,-5.35,1,0.076,8.36,2
sh600716,凤凰股份_us_chad,7.98,-28.89,1,-0.069,-41.27,1
sz002148,北纬通信_us_chad,7.99,-30.14,1,-0.075,-37.57,1
sz300286,安科瑞_us_chad,7.99,-27.62,1,-0.063,-37.94,1
sz300375,鹏翎股份_us_chad,8.00,-24.46,1,-0.094,-36.80,1
sh600222,太龙药业_us_chad,8.00,-29.54,1,-0.078,-35.91,1
sh603788,宁波高发_us_chad,8.01,-13.75,1,-0.056,-8.66,0
sz000967,盈峰环境_us_chad,8.02,-11.38,1,-0.022,-13.93,0
sz002637,赞宇科技_us_chad,8.02,-22.80,1,0.005,-23.19,0
sz002505,大康牧业_us_chad,8.03,-16.47,1,-0.052,-22.80,0
sz000702,正虹科技_us_chad,8.04,-10.37,1,0.053,-13.34,0
sz002419,天虹商场_us_chad,8.04,-19.65,1,-0.073,-24.21,0
sz000980,金马股份_us_chad,8.05,-21.05,1,-0.080,-22.92,0
sz002222,福晶科技_us_chad,8.05,-16.77,1,0.032,-22.20,0
sh600841,上柴股份_us_chad,8.06,-24.97,1,-0.056,-30.05,0
us_chad,us_chad_中国国贸,8.06,-3.82,1,-0.007,0.88,0
sz000756,新华制药_us_chad,8.07,-13.53,1,-0.041,-22.74,1
sz002627,宜昌交运_us_chad,8.07,-27.03,1,-0.080,-37.44,1
sz002674,兴业科技_us_chad,8.07,-21.88,1,-0.087,-27.07,0
sh601799,星宇股份_us_chad,8.08,-15.98,1,-0.011,-0.14,2
sz002322,理工环科_us_chad,8.09,-21.06,1,-0.081,-34.65,1
sz002423,*ST;中特_us_chad,8.09,-17.00,1,-0.015,-33.34,1
sh603789,星光农机_us_chad,8.09,-13.58,1,-0.061,-33.60,1
sz002237,恒邦股份_us_chad,8.09,-18.30,1,-0.064,-20.57,0
sh600822,上海物贸_us_chad,8.09,-7.68,1,-0.001,-7.45,0
sz000089,深圳机场_us_chad,8.09,-24.92,1,-0.093,-30.34,0
us_chad,us_chad_弘业股份,8.10,-31.75,1,-0.083,-37.05,0
sz000860,顺鑫农业_us_chad,8.11,-10.17,1,-0.029,-6.10,0
sz300370,安控科技_us_chad,8.11,-25.50,1,-0.092,-35.25,1
sh600573,惠泉啤酒_us_chad,8.12,-13.56,1,0.064,-15.10,0
sz002711,欧浦智网_us_chad,8.12,-17.07,1,-0.079,-28.23,1
sz002597,金禾实业_us_chad,8.13,-18.81,1,0.036,-9.16,2
sz000617,*ST;济柴_us_chad,8.13,-17.61,1,-0.075,-25.54,1
sz002406,远东传动_us_chad,8.15,-29.89,1,-0.084,-41.54,1
sh600382,广东明珠_us_chad,8.15,-21.14,1,-0.078,-31.01,1
sz000597,东北制药_us_chad,8.16,-22.92,1,-0.046,-32.64,1
us_chad,us_chad_万向德农,8.16,-25.81,1,-0.028,-27.88,0
sz000801,四川九洲_us_chad,8.16,-14.52,1,-0.087,-26.88,1
sz300092,科新机电_us_chad,8.16,-15.60,1,-0.076,-29.27,1
sz300356,光一科技_us_chad,8.16,-27.90,1,-0.051,-25.66,0
sh600712,南宁百货_us_chad,8.17,-28.26,1,-0.003,-28.79,0
sz000509,华塑控股_us_chad,8.17,-28.59,1,-0.088,-47.87,1
us_chad,us_chad_两面针,8.18,-33.23,1,-0.081,-38.06,0
sz000546,金圆股份_us_chad,8.18,-21.38,1,-0.053,-33.86,1
us_chad,us_chad_民丰特纸,8.19,-28.48,1,0.036,-21.40,2
us_chad,us_chad_明星电力,8.19,-14.52,1,-0.044,-17.41,0
sz002115,三维通信_us_chad,8.19,-24.40,1,-0.093,-39.77,1
sz300237,美晨科技_us_chad,8.20,-9.67,1,-0.099,-22.10,1
sh600843,上工申贝_us_chad,8.20,-19.38,1,-0.098,-17.75,0
sz002283,天润曲轴_us_chad,8.21,-11.16,1,-0.066,-20.53,1
sz300231,银信科技_us_chad,8.21,-30.55,1,-0.057,-42.38,1
sz002534,杭锅股份_us_chad,8.22,-31.24,1,-0.052,-36.58,0
sz002451,摩恩电气_us_chad,8.23,-34.23,1,-0.086,-41.40,1
sz300146,汤臣倍健_us_chad,8.23,-22.68,1,-0.090,-35.18,1
us_chad,us_chad_生物股份,8.24,-9.63,1,-0.083,-21.87,1
us_chad,us_chad_皖通高速,8.24,-7.47,1,0.051,-4.86,0
sz000011,深物񎆪_us_chad,8.24,-15.35,1,-0.018,-22.44,1
sz300434,金石东方_us_chad,8.25,-18.96,1,-0.032,-22.42,0
us_chad,us_chad_亨通光电,8.25,0.34,1,-0.010,1.75,0
sh603002,宏昌电子_us_chad,8.25,-21.10,1,-0.090,-30.95,1
sz300340,科恒股份_us_chad,8.25,-17.39,1,0.008,-21.88,0
sz000576,广东甘化_us_chad,8.26,-24.75,1,0.024,-34.93,1
sh600173,卧龙地产_us_chad,8.26,-24.82,1,-0.026,-23.09,0
sz002695,煌上煌_us_chad,8.27,-19.87,1,-0.069,-19.05,0
sz300445,康斯特_us_chad,8.27,-22.31,1,-0.055,-29.88,1
sh600367,红星发展_us_chad,8.28,-26.34,1,-0.075,-35.24,1
us_chad,us_chad_禾嘉股份,8.28,-26.25,1,-0.076,-34.94,1
sz000869,&#x5f20  ;裕Ａ_us_chad,8.28,-8.42,1,-0.095,-13.55,0
sz000632,三木集团_us_chad,8.29,-21.45,1,-0.079,-22.95,0
sz300062,中能电气_us_chad,8.29,-7.04,1,-0.072,-15.42,1
sh600982,XD;宁波热_us_chad,8.29,-22.21,1,-0.029,-26.70,0
sz000803,金宇车城_us_chad,8.29,-26.56,1,-0.023,-33.68,1
sz002232,启明信息_us_chad,8.30,-25.34,1,-0.088,-37.84,1
sh600661,新南洋_us_chad,8.30,-14.39,1,-0.051,-27.02,1
sz000913,*ST;钱江_us_chad,8.30,-16.91,1,0.021,-12.03,0
sz300179,四方达_us_chad,8.30,-27.78,1,-0.088,-38.62,1
us_chad,us_chad_*ST;南化,8.30,-15.70,1,0.028,-4.32,2
sh600624,复旦复华_us_chad,8.31,-16.50,1,-0.046,-29.70,1
sz000615,湖北金环_us_chad,8.31,-20.78,1,0.015,-21.80,0
sz002311,海大集团_us_chad,8.31,-2.66,1,-0.029,4.60,0
us_chad,us_chad_西昌电力,8.32,-25.11,1,-0.091,-31.28,0
sz000796,凯撒旅游_us_chad,8.32,-5.89,1,0.099,-10.27,0
sz300339,润和软件_us_chad,8.33,-27.13,1,-0.095,-42.66,1
sz002403,爱仕达_us_chad,8.33,-22.86,1,-0.096,-24.97,0
us_chad,us_chad_凤竹纺织,8.33,-25.60,1,-0.032,-22.20,0
sz000573,粤宏远Ａ_us_chad,8.33,-20.07,1,0.044,-14.14,0
sz002738,中矿资源_us_chad,8.34,-18.19,1,-0.090,-31.68,1
sh600477,杭萧钢构_us_chad,8.34,-14.97,1,-0.021,-25.45,1
us_chad,us_chad_厦门钨业,8.34,-23.60,1,-0.067,-14.10,2
sz002150,通润装备_us_chad,8.35,-10.31,1,-0.009,-23.66,1
sz000978,桂林旅游_us_chad,8.35,-21.29,1,-0.052,-31.29,1
sh600962,国投中鲁_us_chad,8.35,-23.91,1,-0.081,-37.52,1
sh603311,金海环境_us_chad,8.36,-23.40,1,-0.090,-35.46,1
sh600821,津劝业_us_chad,8.36,-31.54,1,-0.078,-38.38,1
sh603288,海天味业_us_chad,8.36,6.36,1,-0.090,-1.27,0
us_chad,us_chad_宝钛股份,8.36,-19.25,1,-0.076,-27.51,1
sz002082,栋梁新材_us_chad,8.37,-10.54,1,0.071,-17.93,0
sz000563,陕国投Ａ_us_chad,8.37,-16.99,1,-0.003,-25.30,1
sz002291,星期六_us_chad,8.38,-20.36,1,-0.045,-25.35,0
sz300217,东方电热_us_chad,8.38,-20.46,1,0.030,-19.58,0
sz300449,汉邦高科_us_chad,8.38,-18.09,1,0.001,-26.35,1
sz002635,安洁科技_us_chad,8.38,0.33,1,0.083,12.98,2
sh600091,ST;明科_us_chad,8.38,-21.26,1,-0.060,-24.91,0
sh600857,宁波中百_us_chad,8.38,-28.33,1,-0.078,-37.02,1
sh603669,灵康药业_us_chad,8.39,-22.28,1,-0.094,-35.24,1
sz000032,深桑达Ａ_us_chad,8.39,-12.10,1,0.012,-24.36,1
sz000705,浙江震元_us_chad,8.39,-25.63,1,-0.054,-37.82,1
sh601566,九牧王_us_chad,8.39,-28.87,1,-0.099,-40.47,1
sz000811,烟台冰轮_us_chad,8.40,-23.13,1,-0.095,-38.77,1
sz300270,中威电子_us_chad,8.40,-18.76,1,-0.082,-31.34,1
us_chad,us_chad_好当家,8.41,-18.01,1,-0.028,-15.49,0
sh600833,第一医药_us_chad,8.42,-22.91,1,-0.093,-33.91,1
sz300463,迈克生物_us_chad,8.42,-8.87,1,-0.052,-16.83,1
sz002236,大华股份_us_chad,8.42,4.04,1,-0.079,-1.34,0
sz300311,任子行_us_chad,8.42,-15.75,1,-0.067,-28.89,1
sz300241,瑞丰光电_us_chad,8.42,-7.06,1,-0.016,-3.90,0
sz300261,雅本化学_us_chad,8.42,-11.77,1,-0.017,-27.30,1
sz002618,丹邦科技_us_chad,8.42,-22.66,1,0.030,-13.47,2
sh600992,贵绳股份_us_chad,8.42,-27.80,1,-0.078,-37.17,1
sz002630,华西能源_us_chad,8.43,-9.19,1,-0.077,-20.11,1
sz000868,安凯客车_us_chad,8.43,-23.73,1,-0.097,-39.39,1
sh603588,高能环境_us_chad,8.44,-12.52,1,-0.088,-29.03,1
sh600339,*ST;天利_us_chad,8.44,-22.93,1,-0.095,-34.70,1
sz002446,盛路通信_us_chad,8.45,-10.77,1,-0.017,-15.14,0
sh600619,海立股份_us_chad,8.45,-14.25,1,0.045,-20.32,0
sh600802,福建水泥_us_chad,8.46,-24.83,1,-0.058,-30.29,0
sz300223,北京君正_us_chad,8.46,-19.79,1,-0.037,-24.75,0
sh600847,万里股份_us_chad,8.46,-10.29,1,0.071,6.58,2
sh601137,博威合金_us_chad,8.47,-13.31,1,-0.043,-21.64,1
sz002046,轴研科技_us_chad,8.47,-25.45,1,-0.086,-31.36,0
sz000555,神州信息_us_chad,8.47,-14.84,1,-0.025,-27.22,1
sz300095,华伍股份_us_chad,8.47,-12.20,1,-0.025,-21.53,1
sz000005,世纪星源_us_chad,8.48,-12.93,1,-0.098,-30.80,1
sz000514,&#x6e1d ;&#x5f00 ;发_us_chad,8.48,-24.33,1,-0.061,-37.32,1
us_chad,us_chad_兰太实业,8.49,-18.60,1,-0.051,-25.39,0
sz002243,通产丽星_us_chad,8.49,-21.59,1,0.018,-27.62,0
sz002508,老板电器_us_chad,8.50,14.15,1,0.080,33.01,2
us_chad,us_chad_大湖股份,8.50,-22.93,1,-0.069,-23.50,0
sz002077,大港股份_us_chad,8.50,-9.50,1,-0.069,-20.39,1
sh603368,柳州医药_us_chad,8.51,-5.12,1,-0.078,-11.22,0
sz002017,东信和平_us_chad,8.51,-26.76,1,-0.093,-39.96,1
sz002172,澳洋科技_us_chad,8.52,-10.35,1,0.053,-22.05,1
sz000961,中南建设_us_chad,8.52,-18.98,1,-0.060,-15.98,0
us_chad,us_chad_中金黄金,8.53,-20.60,1,-0.039,-17.99,0
sz002472,双环传动_us_chad,8.53,-29.27,1,-0.094,-40.56,1
sz002035,华帝股份_us_chad,8.53,-11.17,1,0.060,9.20,2
us_chad,us_chad_亿晶光电,8.53,-29.50,1,-0.074,-30.64,0
sz002007,华兰生物_us_chad,8.54,-8.61,1,-0.047,-4.49,0
sz000713,丰乐种业_us_chad,8.54,-26.81,1,-0.091,-37.35,1
sh600513,联环药业_us_chad,8.55,-28.70,1,-0.094,-39.91,1
sz002193,山东如意_us_chad,8.55,-21.21,1,-0.066,-28.54,1
sz002279,久其软件_us_chad,8.56,-18.87,1,0.006,-20.37,0
sz002033,丽江旅游_us_chad,8.56,-9.16,1,-0.075,-23.33,1
sh603099,长白山_us_chad,8.56,-7.82,1,-0.036,-21.96,1
us_chad,us_chad_江南高纤,8.56,-26.39,1,-0.074,-30.15,0
us_chad,us_chad_华海药业,8.57,1.79,1,-0.036,2.10,0
sz002031,巨轮智能_us_chad,8.57,-20.51,1,-0.066,-13.44,0
sz000678,襄阳轴承_us_chad,8.57,-29.99,1,-0.050,-38.75,1
sh601616,广电电气_us_chad,8.58,-26.84,1,-0.075,-40.43,1
sz002274,华昌化工_us_chad,8.58,-23.67,1,-0.093,-35.79,1
sz000790,华神集团_us_chad,8.58,-25.49,1,-0.088,-39.88,1
sz002175,东方网络_us_chad,8.58,-18.33,1,-0.027,-24.96,0
sh600644,乐山电力_us_chad,8.58,-24.04,1,-0.084,-30.20,0
sz002001,&#x65b0 ;&#x548c ;成_us_chad,8.58,-16.92,1,0.023,-15.18,0
sh600082,海泰发展_us_chad,8.59,-27.19,1,-0.066,-36.46,1
us_chad,us_chad_天通股份,8.59,-28.62,1,-0.093,-30.05,0
sz300045,华力创通_us_chad,8.59,-9.01,1,-0.040,-18.62,1
sh600179,*ST;黑化_us_chad,8.59,-17.81,1,-0.060,-30.49,1
sh600016,民生银行_us_chad,8.59,6.41,1,-0.051,6.70,0
us_chad,us_chad_*ST;沧大,8.60,-18.96,1,0.007,-10.66,2
sh600792,云煤能源_us_chad,8.60,-23.85,1,-0.091,-36.28,1
sz300447,全信股份_us_chad,8.60,-29.96,1,-0.027,-40.25,1
sz000590,启迪古汉_us_chad,8.60,-15.97,1,-0.078,-26.95,1
sz002124,天邦股份_us_chad,8.62,8.82,1,0.060,7.93,0
sh600973,宝胜股份_us_chad,8.62,-19.86,1,-0.074,-32.12,1
sz002099,海翔药业_us_chad,8.62,-23.45,1,-0.077,-37.20,1
sz000537,广宇发展_us_chad,8.63,-25.53,1,-0.093,-40.50,1
sz002241,歌尔声学_us_chad,8.64,-11.87,1,-0.083,-17.22,0
sz002338,奥普光电_us_chad,8.64,-17.99,1,-0.074,-30.87,1
sz002726,龙大肉食_us_chad,8.64,-12.32,1,-0.056,-20.15,1
sz002026,山东威达_us_chad,8.65,-4.36,1,-0.079,-26.84,1
sh600420,现代制药_us_chad,8.65,-6.50,1,-0.072,-14.36,0
sh600826,兰生股份_us_chad,8.66,-20.23,1,-0.074,-26.50,0
sz300440,运达科技_us_chad,8.66,-7.75,1,-0.002,-21.29,1
sz002328,新朋股份_us_chad,8.66,-29.31,1,-0.095,-39.98,1
sz002519,银河电子_us_chad,8.67,-2.55,1,-0.068,-4.71,0
sz002101,广东鸿图_us_chad,8.67,-17.80,1,-0.050,-20.01,0
us_chad,us_chad_时代出版,8.68,-14.16,1,-0.076,-25.19,1
sh603989,艾华集团_us_chad,8.69,-15.09,1,-0.096,-26.58,1
sz300053,欧比特_us_chad,8.70,-19.08,1,-0.099,-25.11,0
sz000050,深天马Ａ_us_chad,8.70,-21.74,1,-0.097,-24.53,0
sz002722,金轮股份_us_chad,8.71,-11.67,1,0.032,-19.55,1
sz002134,天津普林_us_chad,8.71,-16.29,1,0.038,-8.50,0
sz002456,欧菲光_us_chad,8.72,-24.90,1,-0.082,-30.39,0
sh600679,上海凤凰_us_chad,8.72,-13.17,1,-0.043,-18.90,0
us_chad,us_chad_华夏幸福,8.72,-4.01,1,-0.070,-7.96,0
sh600865,百大集团_us_chad,8.73,-31.55,1,-0.088,-46.45,1
sz002681,奋达科技_us_chad,8.73,-9.65,1,-0.041,-20.73,1
sz002497,雅化集团_us_chad,8.73,-17.01,1,-0.081,-27.09,1
sz002315,焦点科技_us_chad,8.74,-24.13,1,-0.083,-40.92,1
sh600311,荣华实业_us_chad,8.76,-30.81,1,-0.099,-41.85,1
sz002244,滨江集团_us_chad,8.76,-11.85,1,-0.084,-23.58,1
sh601198,东兴证券_us_chad,8.76,-16.47,1,-0.014,-24.32,1
sz300325,德威新材_us_chad,8.78,-11.27,1,0.013,-19.50,1
sh600463,空港股份_us_chad,8.79,-23.55,1,-0.046,-34.55,1
us_chad,us_chad_莫高股份,8.79,-34.15,1,-0.050,-25.53,2
sz000591,太阳能_us_chad,8.80,-21.31,1,-0.088,-37.92,1
us_chad,us_chad_中原高速,8.80,-22.09,1,-0.096,-36.22,1
sz002319,乐通股份_us_chad,8.81,-28.30,1,-0.078,-34.99,0
sz000976,春晖股份_us_chad,8.81,-22.40,1,-0.053,-29.46,0
sz002280,联络互动_us_chad,8.81,-11.72,1,0.041,-15.41,0
sz002265,西仪股份_us_chad,8.82,-20.94,1,0.064,-17.28,0
sh600687,刚泰控股_us_chad,8.84,6.12,1,-0.008,7.15,0
sz300246,宝莱特_us_chad,8.85,-36.92,1,-0.081,-44.36,1
sz002503,搜于特_us_chad,8.85,-12.71,1,-0.016,-14.74,0
sz002058,&#x5a01 ;&#x5c14 ;泰_us_chad,8.85,-14.33,1,0.026,-17.34,0
sz002685,华东重机_us_chad,8.85,-33.02,1,-0.099,-40.44,1
sz002467,二六三_us_chad,8.86,-23.96,1,-0.071,-33.53,1
sz002661,克明面业_us_chad,8.86,-2.05,1,0.077,4.31,0
sz000880,潍柴重机_us_chad,8.88,-17.77,1,-0.098,-32.50,1
sh603019,中科曙光_us_chad,8.89,-17.90,1,-0.092,-25.20,0
sz000757,浩物股份_us_chad,8.89,-22.23,1,-0.084,-26.29,0
sh600702,沱牌舍得_us_chad,8.90,-18.59,1,-0.038,-18.56,0
sh600663,陆家嘴_us_chad,8.92,-8.13,1,-0.084,-16.28,1
sz000735,&#x7f57 ;&#x725b ;山_us_chad,8.92,-20.66,1,-0.083,-31.37,1
sz002119,康强电子_us_chad,8.92,-18.38,1,-0.026,-29.52,1
us_chad,us_chad_武昌鱼,8.94,-28.65,1,-0.025,-28.40,0
sz002051,中工国际_us_chad,8.96,-22.39,1,-0.072,-33.70,1
sh600692,亚通股份_us_chad,8.96,-17.26,1,-0.080,-22.91,0
sh600819,耀皮玻璃_us_chad,8.97,-30.47,1,-0.093,-40.77,1
us_chad,us_chad_宏达矿业,8.97,-24.79,1,-0.036,-27.38,0
sz300211,亿通科技_us_chad,8.97,-21.25,1,0.031,-12.02,2
sz002625,龙生股份_us_chad,8.98,-22.66,1,-0.080,-33.31,1
sz002198,嘉应制药_us_chad,8.98,-30.56,1,-0.097,-36.54,0
sh600218,全柴动力_us_chad,8.99,-25.67,1,-0.090,-40.29,1
sz002484,江海股份_us_chad,9.00,-9.38,1,-0.068,-15.67,0
us_chad,us_chad_江山股份,9.00,-21.88,1,-0.013,-33.18,1
sh603599,广信股份_us_chad,9.00,-15.31,1,-0.057,-24.60,1
sz002377,国创高新_us_chad,9.00,-25.13,1,-0.040,-31.91,0
sh603997,继峰股份_us_chad,9.01,-18.37,1,-0.073,-32.75,1
us_chad,us_chad_商赢环球,9.02,-11.46,1,-0.083,-15.72,0
sh600261,阳光照明_us_chad,9.02,-9.73,1,-0.076,-20.38,1
us_chad,us_chad_科力远,9.03,-7.47,1,-0.000,-14.05,0
sz300365,恒华科技_us_chad,9.03,-15.55,1,0.013,-18.56,0
sz000619,海螺型材_us_chad,9.03,-23.28,1,-0.093,-31.55,1
sh600095,哈高科_us_chad,9.03,-25.54,1,-0.086,-35.06,1
sz000662,天夏智慧_us_chad,9.05,-23.47,1,0.026,-21.18,0
sz000585,东北电气_us_chad,9.06,-11.39,1,0.015,-10.97,0
sz000886,海南高速_us_chad,9.07,-26.06,1,-0.081,-28.98,0
sz300252,金信诺_us_chad,9.09,-23.16,1,-0.099,-35.11,1
sh601113,华鼎股份_us_chad,9.11,-20.31,1,0.076,-11.55,2
us_chad,us_chad_三房巷,9.12,-21.77,1,0.065,-7.27,2
sz000671,&#x9633 ;&#x5149 ;城_us_chad,9.12,-9.59,1,-0.087,-23.34,1
sz300248,新开普_us_chad,9.12,-23.69,1,-0.065,-39.34,1
sz300036,超图软件_us_chad,9.14,-13.27,1,-0.007,-22.96,1
sz300448,浩云科技_us_chad,9.14,-23.13,1,-0.052,-34.40,1
sh603901,永创智能_us_chad,9.15,-2.63,1,0.065,-3.57,0
sz002149,西部材料_us_chad,9.16,-18.90,1,-0.069,-20.58,0
sz002539,新都化工_us_chad,9.17,-3.54,1,0.076,0.94,0
sz000017,深中񓓪_us_chad,9.17,-25.54,1,-0.066,-37.35,1
sh600855,航天长峰_us_chad,9.19,-12.52,1,-0.045,-24.57,1
sh600718,东软集团_us_chad,9.19,-20.45,1,-0.021,-33.24,1
us_chad,us_chad_山东药玻,9.20,-8.41,1,-0.049,-10.73,0
sz002253,川大智胜_us_chad,9.21,-10.78,1,0.087,0.13,2
sz300321,同大股份_us_chad,9.21,-32.10,1,-0.077,-44.77,1
sh600036,招商银行_us_chad,9.22,8.47,1,-0.094,6.87,0
sz000533,&#x4e07 ;&#x5bb6 ;乐_us_chad,9.23,-22.73,1,-0.018,-16.22,0
sh603611,诺力股份_us_chad,9.23,-11.23,1,-0.042,-25.59,1
sz000402,&#x91d1 ;&#x878d ;街_us_chad,9.23,-14.35,1,-0.094,-19.96,0
sz000155,*ST;川化_us_chad,9.23,-21.80,1,-0.090,-17.83,0
sh600250,南纺股份_us_chad,9.24,-10.10,1,0.039,-17.94,0
sz000418,小天鹅Ａ_us_chad,9.24,1.51,1,0.040,22.17,2
sz000785,武汉中商_us_chad,9.25,-23.30,1,-0.024,-31.63,1
sz000609,绵世股份_us_chad,9.26,-23.83,1,-0.071,-31.83,1
us_chad,us_chad_东安动力,9.26,-20.09,1,-0.099,-28.80,1
sz002621,三垒股份_us_chad,9.26,-8.68,1,-0.076,-17.93,1
sh600961,株冶集团_us_chad,9.27,-21.35,1,-0.087,-34.68,1
sh600673,东阳光科_us_chad,9.29,-14.25,1,-0.057,-23.84,1
sz000333,美的集团_us_chad,9.30,-1.14,1,-0.084,0.18,0
sz000420,吉林化纤_us_chad,9.32,-13.09,1,-0.019,-23.67,1
sz300426,唐德影视_us_chad,9.32,5.00,1,0.025,3.37,0
sz000761,本钢板材_us_chad,9.33,-14.82,1,-0.021,-12.36,0
sz000012,&#x5357  ;玻Ａ_us_chad,9.34,-17.86,1,-0.083,-23.65,0
sz300313,天山生物_us_chad,9.34,-15.91,1,-0.098,-21.94,0
sz002645,华宏科技_us_chad,9.35,-19.30,1,-0.059,-22.71,0
sz000596,古井贡酒_us_chad,9.35,-6.88,1,-0.067,3.99,2
sz300236,上海新阳_us_chad,9.36,-17.79,1,0.039,-19.38,0
sh600694,大商股份_us_chad,9.37,-17.35,1,-0.077,-24.65,0
sz300272,开能环保_us_chad,9.37,-13.71,1,-0.098,-36.04,1
us_chad,us_chad_香江控股,9.38,-24.11,1,-0.085,-32.95,1
us_chad,us_chad_亚宝药业,9.38,-6.18,1,-0.094,-22.05,1
sz300468,四方精创_us_chad,9.38,-16.37,1,-0.051,-21.99,0
us_chad,us_chad_啤酒花,9.38,-28.98,1,-0.083,-35.27,0
us_chad,us_chad_成发科技,9.39,-19.59,1,-0.074,-32.99,1
sz002189,利达光电_us_chad,9.39,-21.88,1,0.054,-30.64,1
sz300001,特锐德_us_chad,9.40,-0.11,1,0.025,-11.98,1
us_chad,us_chad_千金药业,9.40,-23.99,1,-0.090,-31.80,1
us_chad,us_chad_冠豪高新,9.41,-33.04,1,-0.077,-42.08,1
us_chad,us_chad_大龙地产,9.41,-29.06,1,-0.096,-36.23,0
us_chad,us_chad_黄河旋风,9.42,-19.18,1,-0.087,-34.63,1
sz300446,乐凯新材_us_chad,9.42,-16.79,1,-0.088,-31.92,1
sh600576,万家文化_us_chad,9.42,-15.95,1,0.068,-15.68,0
sz300037,新宙邦_us_chad,9.43,-9.72,1,0.090,13.77,2
us_chad,us_chad_S;佳通,9.44,-21.56,1,-0.086,-25.98,0
sh600782,新钢股份_us_chad,9.44,-24.94,1,-0.067,-32.62,0
sz300461,田中精机_us_chad,9.44,-15.74,1,0.027,-26.05,1
sz002155,湖南黄金_us_chad,9.45,-23.70,1,-0.060,-15.39,2
sh600791,京能置业_us_chad,9.45,-32.23,1,-0.099,-45.46,1
sh600764,中电广通_us_chad,9.46,-30.19,1,-0.085,-34.28,0
sz000014,沙河股份_us_chad,9.49,-18.43,1,-0.080,-28.55,1
sz002205,国统股份_us_chad,9.49,-19.61,1,-0.054,-29.02,1
sh603818,曲美家居_us_chad,9.49,-16.13,1,-0.054,-31.33,1
sz002188,巴士在线_us_chad,9.51,-18.02,1,0.006,-29.26,1
sh601058,赛轮金宇_us_chad,9.51,-29.68,1,-0.099,-36.21,0
us_chad,us_chad_兖州煤业,9.52,-28.02,1,-0.081,-32.90,0
sz002732,燕塘乳业_us_chad,9.53,-5.48,1,-0.064,-19.18,1
sh600809,山西汾酒_us_chad,9.55,-16.11,1,-0.096,-8.95,0
sz300409,道氏技术_us_chad,9.56,-18.73,1,0.056,3.81,2
sz000561,烽火电子_us_chad,9.56,-20.35,1,-0.023,-27.18,0
sz002496,辉丰股份_us_chad,9.57,-11.56,1,0.045,-3.00,0
sh600975,新五丰_us_chad,9.58,-24.04,1,-0.091,-27.43,0
sh600781,辅仁药业_us_chad,9.60,-6.68,1,-0.077,-30.90,1
sz300414,中光防雷_us_chad,9.60,-13.94,1,-0.074,-23.49,1
sh600419,天润乳业_us_chad,9.61,-12.61,1,0.018,13.50,2
us_chad,us_chad_博通股份,9.61,-16.67,1,-0.046,-14.25,0
sz002125,湘潭电化_us_chad,9.61,-11.91,1,-0.058,-27.15,1
sh601288,农业银行_us_chad,9.61,4.87,1,-0.097,-2.30,0
sz000752,西藏发展_us_chad,9.62,-20.35,1,-0.079,-27.91,0
sz002133,广宇集团_us_chad,9.62,-32.29,1,-0.088,-45.41,1
sz000401,冀东水泥_us_chad,9.63,-23.97,1,-0.088,-32.08,1
sz002295,精艺股份_us_chad,9.64,-19.71,1,-0.097,-33.37,1
sz300250,初灵信息_us_chad,9.64,-12.02,1,-0.037,-28.31,1
sz300341,麦迪电气_us_chad,9.64,-23.85,1,-0.041,-10.47,2
sz002623,亚玛顿_us_chad,9.65,-9.92,1,-0.012,-22.25,1
us_chad,us_chad_美尔雅,9.65,-5.18,1,0.079,9.25,2
sz002281,光迅科技_us_chad,9.65,-3.97,1,0.094,-5.46,2
sz300173,智慧松德_us_chad,9.66,-10.05,1,-0.097,-16.00,0
sz002202,金风科技_us_chad,9.66,-7.08,1,-0.067,-18.75,1
sz002687,乔治白_us_chad,9.66,-16.45,1,0.076,-19.38,0
sz002693,双成药业_us_chad,9.67,-20.19,1,-0.090,-38.68,1
us_chad,us_chad_航天晨光,9.67,-22.76,1,-0.087,-36.26,1
sz002335,科华恒盛_us_chad,9.68,-23.39,1,0.066,-21.01,0
sh600449,宁夏建材_us_chad,9.69,-21.97,1,-0.092,-34.75,1
sz000993,闽东电力_us_chad,9.71,-30.23,1,-0.098,-42.60,1
sz000910,大亚科技_us_chad,9.73,-20.40,1,-0.087,-35.20,1
us_chad,us_chad_阳泉煤业,9.73,-25.11,1,-0.087,-31.34,0
us_chad,us_chad_湘邮科技,9.75,-6.24,1,0.063,-6.57,0
sz300393,中来股份_us_chad,9.75,-16.32,1,-0.091,-23.33,0
sz002610,爱康科技_us_chad,9.75,-17.51,1,-0.083,4.19,2
sh600123,兰花科创_us_chad,9.76,-23.31,1,-0.095,-34.59,1
sz300103,达刚路机_us_chad,9.77,-23.60,1,-0.074,-36.56,1
sz300156,神雾环保_us_chad,9.77,13.94,1,0.039,14.50,0
sz300229,拓尔思_us_chad,9.78,-17.40,1,-0.096,-33.48,1
sz300219,鸿利光电_us_chad,9.82,-8.44,1,-0.087,-15.02,0
sz300050,世纪鼎利_us_chad,9.82,-13.28,1,0.032,-21.68,0
us_chad,us_chad_浙江医药,9.83,-13.37,1,0.047,-8.32,0
sz300304,云意电气_us_chad,9.85,-15.23,1,0.004,-12.18,0
sz002402,和而泰_us_chad,9.85,-17.76,1,-0.064,-31.93,1
sz002591,恒大高新_us_chad,9.86,-16.87,1,-0.041,-10.82,0
sz002117,东港股份_us_chad,9.87,-11.01,1,-0.040,-24.87,1
sz000973,佛塑科技_us_chad,9.88,-13.96,1,-0.074,-31.07,1
sz002733,雄韬股份_us_chad,9.88,-7.12,1,0.097,0.18,0
sz000695,滨海能源_us_chad,9.88,-17.91,1,-0.080,-27.23,1
sz300151,昌红科技_us_chad,9.89,-21.68,1,-0.070,-37.44,1
sz002436,兴森科技_us_chad,9.89,-13.50,1,-0.097,-20.86,0
sz300423,鲁亿通_us_chad,9.89,-6.49,1,0.028,-22.35,1
sz300458,全志科技_us_chad,9.91,-4.33,1,-0.033,-20.88,1
sz000004,国农科技_us_chad,9.91,-5.30,1,-0.006,-6.70,0
sz002113,天润控股_us_chad,9.92,-16.43,1,-0.017,-26.14,1
sz000409,山东地矿_us_chad,9.92,-31.26,1,-0.049,-33.22,0
us_chad,us_chad_敦煌种业,9.92,-29.41,1,-0.088,-31.58,0
sz000807,云铝股份_us_chad,9.93,-21.82,1,0.037,-25.17,0
sz000029,深深房Ａ_us_chad,9.93,-13.07,1,-0.053,-26.77,1
sz002227,&#x5965 ;&#x7279 ;迅_us_chad,9.94,-10.44,1,0.014,-22.88,1
sz002095,&#x751f ;&#x610f ;宝_us_chad,9.96,-16.48,1,-0.007,-31.27,1
sz000951,中国重汽_us_chad,9.96,-18.07,1,-0.089,-27.13,1
sz002691,冀凯股份_us_chad,9.97,-8.60,1,0.005,7.05,2
sz002426,胜利精密_us_chad,9.99,10.58,1,0.090,23.58,2
us_chad,us_chad_同仁堂,9.99,-9.70,1,-0.022,-16.40,0
us_chad,us_chad_乐凯胶片,9.99,-23.75,1,-0.071,-27.51,0
